time,step,ballSeen,ballAngle,ballDist,uz,irL,irR,gripIR,camYaw,gas,steering,hasBall,holdTicks,isRetrying,displacementX,displacementZ,heading,speed
0.000,1,0,0.0000,1.0000,1.0000,0,0,0,0.2022,0.2011,0.7784,0,0,0,0.0000,0.0000,0.0000,0.0000
0.020,2,0,0.0000,1.0000,0.4127,0,0,0,0.4045,0.2011,0.7784,0,0,0,0.0000,0.0000,0.0000,0.0008
0.040,3,0,0.0000,1.0000,0.4129,0,0,0,0.6067,0.2011,0.7784,0,0,0,0.0000,0.0000,0.0000,0.0005
0.060,4,0,0.0000,1.0000,0.4130,0,0,0,0.8089,0.2011,0.7784,0,0,0,0.0000,0.0000,0.0000,0.0006
0.080,5,0,0.0000,1.0000,0.4132,0,0,0,1.0112,0.2011,0.7784,0,0,0,0.0001,0.0000,0.0001,0.0006
0.100,6,0,0.0225,1.0000,0.4133,0,0,0,1.8859,0.4739,1.0000,0,0,0,0.0001,0.0000,0.0001,0.0006
0.120,7,0,0.0225,1.0000,0.4135,0,0,0,2.7606,0.4739,1.0000,0,0,0,0.0001,0.0000,0.0001,0.0006
0.140,8,0,0.0225,1.0000,0.4136,0,0,0,3.6354,0.4739,1.0000,0,0,0,0.0001,0.0000,0.0001,0.0006
0.160,9,0,0.0225,1.0000,0.4138,0,0,0,4.5101,0.4739,1.0000,0,0,0,0.0001,0.0000,0.0001,0.0006
0.180,10,0,0.0225,1.0000,0.4139,0,0,0,5.3848,0.4739,1.0000,0,0,0,0.0001,0.0000,0.0001,0.0006
0.200,11,0,0.1197,1.0000,0.4141,0,0,0,6.4763,0.2348,0.5643,0,0,0,0.0001,0.0000,0.0001,0.0007
0.220,12,0,0.1197,1.0000,0.4143,0,0,0,7.5677,0.2348,0.5643,0,0,0,0.0002,0.0001,0.0002,0.0007
0.240,13,0,0.1197,1.0000,0.4144,0,0,0,8.6592,0.2348,0.5643,0,0,0,0.0002,0.0001,0.0002,0.0007
0.260,14,0,0.1197,1.0000,0.4146,0,0,0,9.7506,0.2348,0.5643,0,0,0,0.0002,0.0001,0.0002,0.0007
0.280,15,0,0.1197,1.0000,0.4148,0,0,0,10.8421,0.2348,0.5643,0,0,0,0.0002,0.0001,0.0002,0.0007
0.300,16,0,0.2409,1.0000,0.4149,0,0,0,12.0421,0.7528,0.6464,0,0,0,0.0002,0.0001,0.0002,0.0007
0.320,17,0,0.2409,1.0000,0.4151,0,0,0,13.2421,0.7528,0.6464,0,0,0,0.0002,0.0001,0.0002,0.0007
0.340,18,0,0.2409,1.0000,0.4153,0,0,0,14.4421,0.7528,0.6464,0,0,0,0.0003,0.0001,0.0003,0.0007
0.360,19,0,0.2409,1.0000,0.4155,0,0,0,15.6421,0.7528,0.6464,0,0,0,0.0003,0.0001,0.0003,0.0008
0.380,20,0,0.2409,1.0000,0.4157,0,0,0,16.8421,0.7528,0.6464,0,0,0,0.0003,0.0001,0.0003,0.0008
0.400,21,0,0.3743,1.0000,0.4158,0,0,0,17.8581,0.8641,0.6269,0,0,0,0.0003,0.0001,0.0003,0.0008
0.420,22,0,0.3743,1.0000,0.4160,0,0,0,18.8742,0.8641,0.6269,0,0,0,0.0003,0.0001,0.0003,0.0008
0.440,23,0,0.3743,1.0000,0.4162,0,0,0,19.8903,0.8641,0.6269,0,0,0,0.0003,0.0001,0.0003,0.0000
0.460,24,0,0.3743,1.0000,0.4162,0,0,0,20.9064,0.8641,0.6269,0,0,0,0.0003,0.0001,0.0003,0.0000
0.480,25,0,0.3743,1.0000,0.4162,0,0,0,21.9224,0.8641,0.6269,0,0,0,0.0003,0.0001,0.0003,0.0000
0.500,26,0,0.4872,1.0000,0.1307,0,0,0,22.7888,0.1654,0.8067,0,0,0,0.0003,0.0001,0.0003,0.0000
0.520,27,0,0.4872,1.0000,0.1298,0,0,0,23.6551,0.1654,0.8067,0,0,0,0.0003,0.0001,0.0003,0.0000
0.540,28,0,0.4872,1.0000,0.1298,0,0,0,24.5214,0.1654,0.8067,0,0,0,0.0003,0.0001,0.0003,0.0000
0.560,29,0,0.4872,1.0000,0.1298,0,0,0,25.3877,0.1654,0.8067,0,0,0,0.0003,0.0001,0.0003,0.0000
0.580,30,0,0.4872,1.0000,0.1298,0,0,0,26.2540,0.1654,0.8067,0,0,0,0.0003,0.0001,0.0003,0.0000
0.600,31,0,0.5834,1.0000,0.1298,0,0,0,26.8289,0.5376,0.8970,0,0,0,0.0003,0.0001,0.0003,0.0000
0.620,32,0,0.5834,1.0000,0.1298,0,0,0,27.4038,0.5376,0.8970,0,0,0,0.0003,0.0001,0.0003,0.0000
0.640,33,0,0.5834,1.0000,0.1298,0,0,0,27.9786,0.5376,0.8970,0,0,0,0.0003,0.0001,0.0003,0.0000
0.660,34,0,0.5834,1.0000,0.1298,0,0,0,28.5535,0.5376,0.8970,0,0,0,0.0003,0.0001,0.0003,0.0000
0.680,35,0,0.5834,1.0000,0.1298,0,0,0,29.1284,0.5376,0.8970,0,0,0,0.0003,0.0001,0.0003,0.0000
0.700,36,0,0.6473,1.0000,0.1298,0,0,0,29.6345,0.7585,0.8191,0,0,0,0.0003,0.0001,0.0003,0.0000
0.720,37,0,0.6473,1.0000,0.1298,0,0,0,30.1406,0.7585,0.8191,0,0,0,0.0003,0.0001,0.0003,0.0000
0.740,38,0,0.6473,1.0000,0.1298,0,0,0,30.6467,0.7585,0.8191,0,0,0,0.0003,0.0001,0.0003,0.0000
0.760,39,0,0.6473,1.0000,0.1298,0,0,0,31.1528,0.7585,0.8191,0,0,0,0.0003,0.0001,0.0003,0.0000
0.780,40,0,0.6473,1.0000,0.1298,0,0,0,31.6588,0.7585,0.8191,0,0,0,0.0003,0.0001,0.0003,0.0000
0.800,41,0,0.7035,1.0000,0.1298,0,0,0,32.1565,0.9807,1.0000,0,0,0,0.0003,0.0001,0.0003,0.0000
0.820,42,0,0.7035,1.0000,0.1298,0,0,0,32.6542,0.9807,1.0000,0,0,0,0.0003,0.0001,0.0003,0.0000
0.840,43,0,0.7035,1.0000,0.1298,0,0,0,33.1519,0.9807,1.0000,0,0,0,0.0003,0.0001,0.0003,0.0000
0.860,44,0,0.7035,1.0000,0.1298,0,0,0,33.6496,0.9807,1.0000,0,0,0,0.0003,0.0001,0.0003,0.0000
0.880,45,0,0.7035,1.0000,0.1298,0,0,0,34.1473,0.9807,1.0000,0,0,0,0.0003,0.0001,0.0003,0.0000
0.900,46,0,0.7588,1.0000,0.1298,0,0,0,34.3348,0.4011,1.0000,0,0,0,0.0003,0.0001,0.0003,0.0000
0.920,47,0,0.7588,1.0000,0.1312,0,0,0,34.5223,0.4011,1.0000,0,0,0,0.0003,0.0001,0.0003,0.0000
0.940,48,0,0.7588,1.0000,0.1310,0,0,0,34.7099,0.4011,1.0000,0,0,0,0.0003,0.0001,0.0003,0.0000
0.960,49,0,0.7588,1.0000,0.1310,0,0,0,34.8974,0.4011,1.0000,0,0,0,0.0003,0.0001,0.0003,0.0000
0.980,50,0,0.7588,1.0000,0.1310,0,0,0,35.0849,0.4011,1.0000,0,0,0,0.0003,0.0001,0.0003,0.0000
1.000,51,0,0.7797,1.0000,0.1310,0,0,0,35.1803,0.4148,1.0000,0,0,0,0.0003,0.0001,0.0003,0.0000
1.020,52,0,0.7797,1.0000,0.1310,0,0,0,35.2756,0.4148,1.0000,0,0,0,0.0003,0.0001,0.0003,0.0000
1.040,53,0,0.7797,1.0000,0.1310,0,0,0,35.3710,0.4148,1.0000,0,0,0,0.0003,0.0001,0.0003,0.0000
1.060,54,0,0.7797,1.0000,0.1310,0,0,0,35.4663,0.4148,1.0000,0,0,0,0.0003,0.0001,0.0003,0.0000
1.080,55,0,0.7797,1.0000,0.1310,0,0,0,35.5617,0.4148,1.0000,0,0,0,0.0003,0.0001,0.0003,0.0000
1.100,56,0,0.7903,1.0000,0.1310,0,0,0,35.7721,0.2613,0.9519,0,0,0,0.0003,0.0001,0.0003,0.0000
1.120,57,0,0.7903,1.0000,0.1310,0,0,0,35.9825,0.2613,0.9519,0,0,0,0.0003,0.0001,0.0003,0.0000
1.140,58,0,0.7903,1.0000,0.1310,0,0,0,36.1930,0.2613,0.9519,0,0,0,0.0003,0.0001,0.0003,0.0000
1.160,59,0,0.7903,1.0000,0.1310,0,0,0,36.4034,0.2613,0.9519,0,0,0,0.0003,0.0001,0.0003,0.0000
1.180,60,0,0.7903,1.0000,0.1310,0,0,0,36.6138,0.2613,0.9519,0,0,0,0.0003,0.0001,0.0003,0.0000
1.200,61,0,0.8136,1.0000,0.1310,0,0,0,36.7959,0.8637,1.0000,0,0,0,0.0003,0.0001,0.0003,0.0000
1.220,62,0,0.8136,1.0000,0.1310,0,0,0,36.9780,0.8637,1.0000,0,0,0,0.0003,0.0001,0.0003,0.0000
1.240,63,0,0.8136,1.0000,0.1310,0,0,0,37.1600,0.8637,1.0000,0,0,0,0.0003,0.0001,0.0003,0.0000
1.260,64,0,0.8136,1.0000,0.1310,0,0,0,37.3421,0.8637,1.0000,0,0,0,0.0003,0.0001,0.0003,0.0000
1.280,65,0,0.8136,1.0000,0.1310,0,0,0,37.5242,0.8637,1.0000,0,0,0,0.0003,0.0001,0.0003,0.0000
1.300,66,0,0.8339,1.0000,0.1310,0,0,0,37.9266,0.6237,0.8536,0,0,0,0.0003,0.0001,0.0003,0.0000
1.320,67,0,0.8339,1.0000,0.1310,0,0,0,38.3290,0.6237,0.8536,0,0,0,0.0003,0.0001,0.0003,0.0000
1.340,68,0,0.8339,1.0000,0.1310,0,0,0,38.7314,0.6237,0.8536,0,0,0,0.0003,0.0001,0.0003,0.0000
1.360,69,0,0.8339,1.0000,0.1310,0,0,0,39.1339,0.6237,0.8536,0,0,0,0.0003,0.0001,0.0003,0.0000
1.380,70,0,0.8339,1.0000,0.1310,0,0,0,39.5363,0.6237,0.8536,0,0,0,0.0003,0.0001,0.0003,0.0000
1.400,71,0,0.8786,1.0000,0.1310,0,0,0,39.2453,0.7876,0.8675,0,0,0,0.0003,0.0001,0.0003,0.0000
1.420,72,0,0.8786,1.0000,0.1310,0,0,0,38.9542,0.7876,0.8675,0,0,0,0.0003,0.0001,0.0003,0.0000
1.440,73,0,0.8786,1.0000,0.1310,0,0,0,38.6632,0.7876,0.8675,0,0,0,0.0003,0.0001,0.0003,0.0000
1.460,74,0,0.8786,1.0000,0.1310,0,0,0,38.3722,0.7876,0.8675,0,0,0,0.0003,0.0001,0.0003,0.0000
1.480,75,0,0.8786,1.0000,0.1310,0,0,0,38.0812,0.7876,0.8675,0,0,0,0.0003,0.0001,0.0003,0.0000
1.500,76,0,0.8462,1.0000,0.1297,0,0,0,38.0670,0.8318,0.5530,0,0,0,0.0003,0.0001,0.0003,0.0000
1.520,77,0,0.8462,1.0000,0.1297,0,0,0,38.0528,0.8318,0.5530,0,0,0,0.0003,0.0001,0.0003,0.0000
1.540,78,0,0.8462,1.0000,0.1297,0,0,0,38.0386,0.8318,0.5530,0,0,0,0.0003,0.0001,0.0003,0.0000
1.560,79,0,0.8462,1.0000,0.1297,0,0,0,38.0245,0.8318,0.5530,0,0,0,0.0003,0.0001,0.0003,0.0000
1.580,80,0,0.8462,1.0000,0.1297,0,0,0,38.0103,0.8318,0.5530,0,0,0,0.0003,0.0001,0.0003,0.0000
1.600,81,0,0.8447,1.0000,0.1799,0,0,0,37.6132,0.6443,0.6632,0,0,0,0.0003,0.0001,0.0003,0.0000
1.620,82,0,0.8447,1.0000,0.1799,0,0,0,37.2161,0.6443,0.6632,0,0,0,0.0003,0.0001,0.0003,0.0000
1.640,83,0,0.8447,1.0000,0.1799,0,0,0,36.8190,0.6443,0.6632,0,0,0,0.0003,0.0001,0.0003,0.0000
1.660,84,0,0.8447,1.0000,0.1799,0,0,0,36.4219,0.6443,0.6632,0,0,0,0.0003,0.0001,0.0003,0.0000
1.680,85,0,0.8447,1.0000,0.1799,0,0,0,36.0248,0.6443,0.6632,0,0,0,0.0003,0.0001,0.0003,0.0000
1.700,86,0,0.8006,1.0000,0.1799,0,0,0,36.0265,0.6490,1.0000,0,0,0,0.0003,0.0001,0.0003,0.0000
1.720,87,0,0.8006,1.0000,0.1799,0,0,0,36.0282,0.6490,1.0000,0,0,0,0.0003,0.0001,0.0003,0.0000
1.740,88,0,0.8006,1.0000,0.1799,0,0,0,36.0299,0.6490,1.0000,0,0,0,0.0003,0.0001,0.0003,0.0000
1.760,89,0,0.8006,1.0000,0.1799,0,0,0,36.0315,0.6490,1.0000,0,0,0,0.0003,0.0001,0.0003,0.0000
1.780,90,0,0.8006,1.0000,0.1799,0,0,0,36.0332,0.6490,1.0000,0,0,0,0.0003,0.0001,0.0003,0.0000
1.800,91,0,0.8007,1.0000,0.1799,0,0,0,36.1352,1.0000,1.0000,0,0,0,0.0003,0.0001,0.0003,0.0000
1.820,92,0,0.8007,1.0000,0.1799,0,0,0,36.2371,1.0000,1.0000,0,0,0,0.0003,0.0001,0.0003,0.0000
1.840,93,0,0.8007,1.0000,0.1799,0,0,0,36.3391,1.0000,1.0000,0,0,0,0.0003,0.0001,0.0003,0.0000
1.860,94,0,0.8007,1.0000,0.1799,0,0,0,36.4410,1.0000,1.0000,0,0,0,0.0003,0.0001,0.0003,0.0000
1.880,95,0,0.8007,1.0000,0.1799,0,0,0,36.5430,1.0000,1.0000,0,0,0,0.0003,0.0001,0.0003,0.0000
1.900,96,0,0.8121,1.0000,0.1799,0,0,0,35.6365,0.4594,0.7832,0,0,0,0.0003,0.0001,0.0003,0.0000
1.920,97,0,0.8121,1.0000,0.1799,0,0,0,34.7300,0.4594,0.7832,0,0,0,0.0003,0.0001,0.0003,0.0000
1.940,98,0,0.8121,1.0000,0.1799,0,0,0,33.8236,0.4594,0.7832,0,0,0,0.0003,0.0001,0.0003,0.0000
1.960,99,0,0.8121,1.0000,0.1799,0,0,0,32.9171,0.4594,0.7832,0,0,0,0.0003,0.0001,0.0003,0.0000
1.980,100,0,0.8121,1.0000,0.1799,0,0,0,32.0107,0.4594,0.7832,0,0,0,0.0003,0.0001,0.0003,0.0000
2.000,101,0,0.7113,1.0000,0.1799,0,0,0,31.3220,0.7469,0.7035,0,0,0,0.0003,0.0001,0.0003,0.0000
2.020,102,0,0.7113,1.0000,0.1799,0,0,0,30.6334,0.7469,0.7035,0,0,0,0.0003,0.0001,0.0003,0.0000
2.040,103,0,0.7113,1.0000,0.1799,0,0,0,29.9448,0.7469,0.7035,0,0,0,0.0003,0.0001,0.0003,0.0000
2.060,104,0,0.7113,1.0000,0.1799,0,0,0,29.2562,0.7469,0.7035,0,0,0,0.0003,0.0001,0.0003,0.0000
2.080,105,0,0.7113,1.0000,0.1799,0,0,0,28.5676,0.7469,0.7035,0,0,0,0.0003,0.0001,0.0003,0.0000
2.100,106,0,0.6348,1.0000,0.1799,0,0,0,28.4508,0.8670,1.0000,0,0,0,0.0003,0.0001,0.0003,0.0000
2.120,107,0,0.6348,1.0000,0.1799,0,0,0,28.3339,0.8670,1.0000,0,0,0,0.0003,0.0001,0.0003,0.0000
2.140,108,0,0.6348,1.0000,0.1799,0,0,0,28.2171,0.8670,1.0000,0,0,0,0.0003,0.0001,0.0003,0.0000
2.160,109,0,0.6348,1.0000,0.1799,0,0,0,28.1003,0.8670,1.0000,0,0,0,0.0003,0.0001,0.0003,0.0000
2.180,110,0,0.6348,1.0000,0.1799,0,0,0,27.9835,0.8670,1.0000,0,0,0,0.0003,0.0001,0.0003,0.0000
2.200,111,0,0.6219,1.0000,0.1799,0,0,0,28.0023,0.8500,1.0000,0,0,0,0.0003,0.0001,0.0003,0.0000
2.220,112,0,0.6219,1.0000,0.1799,0,0,0,28.0211,0.8500,1.0000,0,0,0,0.0003,0.0001,0.0003,0.0000
2.240,113,0,0.6219,1.0000,0.1799,0,0,0,28.0399,0.8500,1.0000,0,0,0,0.0003,0.0001,0.0003,0.0000
2.260,114,0,0.6219,1.0000,0.1799,0,0,0,28.0587,0.8500,1.0000,0,0,0,0.0003,0.0001,0.0003,0.0000
2.280,115,0,0.6219,1.0000,0.1799,0,0,0,28.0775,0.8500,1.0000,0,0,0,0.0003,0.0001,0.0003,0.0000
2.300,116,0,0.6239,1.0000,0.1799,0,0,0,27.9897,1.0000,0.8926,0,0,0,0.0003,0.0001,0.0003,0.0000
2.320,117,0,0.6239,1.0000,0.1799,0,0,0,27.9019,1.0000,0.8926,0,0,0,0.0003,0.0001,0.0003,0.0000
2.340,118,0,0.6239,1.0000,0.1799,0,0,0,27.8141,1.0000,0.8926,0,0,0,0.0003,0.0001,0.0003,0.0000
2.360,119,0,0.6239,1.0000,0.1799,0,0,0,27.7263,1.0000,0.8926,0,0,0,0.0003,0.0001,0.0003,0.0000
2.380,120,0,0.6239,1.0000,0.1799,0,0,0,27.6385,1.0000,0.8926,0,0,0,0.0003,0.0001,0.0003,0.0000
2.400,121,0,0.6142,1.0000,0.1799,0,0,0,27.3774,1.0000,1.0000,0,0,0,0.0003,0.0001,0.0003,0.0000
2.420,122,0,0.6142,1.0000,0.1799,0,0,0,27.1163,1.0000,1.0000,0,0,0,0.0003,0.0001,0.0003,0.0000
2.440,123,0,0.6142,1.0000,0.1799,0,0,0,26.8553,1.0000,1.0000,0,0,0,0.0003,0.0001,0.0003,0.0000
2.460,124,0,0.6142,1.0000,0.1799,0,0,0,26.5942,1.0000,1.0000,0,0,0,0.0003,0.0001,0.0003,0.0000
2.480,125,0,0.6142,1.0000,0.1799,0,0,0,26.3331,1.0000,1.0000,0,0,0,0.0003,0.0001,0.0003,0.0000
2.500,126,0,0.5852,1.0000,0.1799,0,0,0,25.9048,0.9109,0.3389,0,0,0,0.0003,0.0001,0.0003,0.0000
2.520,127,0,0.5852,1.0000,0.1799,0,0,0,25.4764,0.9109,0.3389,0,0,0,0.0003,0.0001,0.0003,0.0000
2.540,128,0,0.5852,1.0000,0.1445,0,0,0,25.0480,0.9109,0.3389,0,0,0,0.0003,0.0001,0.0003,0.0000
2.560,129,0,0.5852,1.0000,0.1445,0,0,0,24.6197,0.9109,0.3389,0,0,0,0.0003,0.0001,0.0003,0.0000
2.580,130,0,0.5852,1.0000,0.1445,0,0,0,24.1913,0.9109,0.3389,0,0,0,0.0003,0.0001,0.0003,0.0000
2.600,131,0,0.5376,1.0000,0.1445,0,0,0,23.5986,0.7902,0.7159,0,0,0,0.0003,0.0001,0.0003,0.0000
2.620,132,0,0.5376,1.0000,0.1445,0,0,0,23.0059,0.7902,0.7159,0,0,0,0.0003,0.0001,0.0003,0.0000
2.640,133,0,0.5376,1.0000,0.1445,0,0,0,22.4132,0.7902,0.7159,0,0,0,0.0003,0.0001,0.0003,0.0000
2.660,134,0,0.5376,1.0000,0.1661,0,0,0,21.8204,0.7902,0.7159,0,0,0,0.0003,0.0001,0.0003,0.0000
2.680,135,0,0.5376,1.0000,0.1661,0,0,0,21.2277,0.7902,0.7159,0,0,0,0.0003,0.0001,0.0003,0.0000
2.700,136,0,0.4717,1.0000,0.1661,0,0,0,21.3553,0.6986,0.7561,0,0,0,0.0003,0.0001,0.0003,0.0000
2.720,137,0,0.4717,1.0000,0.1661,0,0,0,21.4828,0.6986,0.7561,0,0,0,0.0003,0.0001,0.0003,0.0000
2.740,138,0,0.4717,1.0000,0.1661,0,0,0,21.6103,0.6986,0.7561,0,0,0,0.0003,0.0001,0.0003,0.0000
2.760,139,0,0.4717,1.0000,0.1661,0,0,0,21.7379,0.6986,0.7561,0,0,0,0.0003,0.0001,0.0003,0.0000
2.780,140,0,0.4717,1.0000,0.1661,0,0,0,21.8654,0.6986,0.7561,0,0,0,0.0003,0.0001,0.0003,0.0000
2.800,141,0,0.4859,1.0000,0.1661,0,0,0,22.1883,0.9148,1.0000,0,0,0,0.0003,0.0001,0.0003,0.0000
2.820,142,0,0.4859,1.0000,0.1661,0,0,0,22.5111,0.9148,1.0000,0,0,0,0.0003,0.0001,0.0003,0.0000
2.840,143,0,0.4859,1.0000,0.1661,0,0,0,22.8340,0.9148,1.0000,0,0,0,0.0003,0.0001,0.0003,0.0000
2.860,144,0,0.4859,1.0000,0.1661,0,0,0,23.1568,0.9148,1.0000,0,0,0,0.0003,0.0001,0.0003,0.0000
2.880,145,0,0.4859,1.0000,0.1661,0,0,0,23.4797,0.9148,1.0000,0,0,0,0.0003,0.0001,0.0003,0.0000
2.900,146,0,0.5218,1.0000,0.1661,0,0,0,23.2048,0.6506,0.7191,0,0,0,0.0003,0.0001,0.0003,0.0000
2.920,147,0,0.5218,1.0000,0.1661,0,0,0,22.9300,0.6506,0.7191,0,0,0,0.0003,0.0001,0.0003,0.0000
2.940,148,0,0.5218,1.0000,0.1661,0,0,0,22.6551,0.6506,0.7191,0,0,0,0.0003,0.0001,0.0003,0.0000
2.960,149,0,0.5218,1.0000,0.1661,0,0,0,22.3802,0.6506,0.7191,0,0,0,0.0003,0.0001,0.0003,0.0000
2.980,150,0,0.5218,1.0000,0.1661,0,0,0,22.1054,0.6506,0.7191,0,0,0,0.0003,0.0001,0.0003,0.0000
3.000,151,0,0.4912,1.0000,0.1661,0,0,0,22.5205,0.9999,0.7901,0,0,0,0.0003,0.0001,0.0003,0.0000
3.020,152,0,0.4912,1.0000,0.1661,0,0,0,22.9356,0.9999,0.7901,0,0,0,0.0003,0.0001,0.0003,0.0000
3.040,153,0,0.4912,1.0000,0.1844,0,0,0,23.3506,0.9999,0.7901,0,0,0,0.0003,0.0001,0.0003,0.0000
3.060,154,0,0.4912,1.0000,0.1844,0,0,0,23.7657,0.9999,0.7901,0,0,0,0.0003,0.0001,0.0003,0.0000
3.080,155,0,0.4912,1.0000,0.1844,0,0,0,24.1808,0.9999,0.7901,0,0,0,0.0003,0.0001,0.0003,0.0000
3.100,156,0,0.5374,1.0000,0.5390,0,0,0,23.9499,0.8907,1.0000,0,0,0,0.0003,0.0001,0.0003,0.0000
3.120,157,0,0.5374,1.0000,0.5390,0,0,0,23.7191,0.8907,1.0000,0,0,0,0.0003,0.0001,0.0003,0.0000
3.140,158,0,0.5374,1.0000,0.5390,0,0,0,23.4882,0.8907,1.0000,0,0,0,0.0003,0.0001,0.0003,0.0000
3.160,159,0,0.5374,1.0000,0.5390,0,0,0,23.2573,0.8907,1.0000,0,0,0,0.0003,0.0001,0.0003,0.0000
3.180,160,0,0.5374,1.0000,0.5390,0,0,0,23.0264,0.8907,1.0000,0,0,0,0.0003,0.0001,0.0003,0.0000
3.200,161,0,0.5117,1.0000,0.5390,0,0,0,22.3050,0.8623,0.7908,0,0,0,0.0003,0.0001,0.0003,0.0000
3.220,162,0,0.5117,1.0000,0.5390,0,0,0,21.5836,0.8623,0.7908,0,0,0,0.0003,0.0001,0.0003,0.0000
3.240,163,0,0.5117,1.0000,0.5390,0,0,0,20.8623,0.8623,0.7908,0,0,0,0.0003,0.0001,0.0003,0.0000
3.260,164,0,0.5117,1.0000,0.5390,0,0,0,20.1409,0.8623,0.7908,0,0,0,0.0003,0.0001,0.0003,0.0000
3.280,165,0,0.5117,1.0000,0.5390,0,0,0,19.4195,0.8623,0.7908,0,0,0,0.0003,0.0001,0.0003,0.0000
3.300,166,0,0.4315,1.0000,0.5390,0,0,0,18.3365,1.0000,1.0000,0,0,0,0.0003,0.0001,0.0003,0.0000
3.320,167,0,0.4315,1.0000,0.5390,0,0,0,17.2535,1.0000,1.0000,0,0,0,0.0003,0.0001,0.0003,0.0000
3.340,168,0,0.4315,1.0000,0.5390,0,0,0,16.1705,1.0000,1.0000,0,0,0,0.0003,0.0001,0.0003,0.0000
3.360,169,0,0.4315,1.0000,0.5390,0,0,0,15.0875,1.0000,1.0000,0,0,0,0.0003,0.0001,0.0003,0.0000
3.380,170,0,0.4315,1.0000,0.5390,0,0,0,14.0045,1.0000,1.0000,0,0,0,0.0003,0.0001,0.0003,0.0000
3.400,171,0,0.3112,1.0000,0.5390,0,0,0,13.9953,0.9841,0.8164,0,0,0,0.0003,0.0001,0.0003,0.0000
3.420,172,0,0.3112,1.0000,0.5390,0,0,0,13.9861,0.9841,0.8164,0,0,0,0.0003,0.0001,0.0003,0.0000
3.440,173,0,0.3112,1.0000,0.5390,0,0,0,13.9769,0.9841,0.8164,0,0,0,0.0003,0.0001,0.0003,0.0000
3.460,174,0,0.3112,1.0000,0.5390,0,0,0,13.9677,0.9841,0.8164,0,0,0,0.0003,0.0001,0.0003,0.0000
3.480,175,0,0.3112,1.0000,0.5390,0,0,0,13.9585,0.9841,0.8164,0,0,0,0.0003,0.0001,0.0003,0.0000
3.500,176,0,0.3102,1.0000,0.5390,0,0,0,13.8171,0.6005,0.6251,0,0,0,0.0003,0.0001,0.0003,0.0000
3.520,177,0,0.3102,1.0000,0.5390,0,0,0,13.6756,0.6005,0.6251,0,0,0,0.0003,0.0001,0.0003,0.0000
3.540,178,0,0.3102,1.0000,0.5390,0,0,0,13.5342,0.6005,0.6251,0,0,0,0.0003,0.0001,0.0003,0.0000
3.560,179,0,0.3102,1.0000,0.5390,0,0,0,13.3928,0.6005,0.6251,0,0,0,0.0003,0.0001,0.0003,0.0000
3.580,180,0,0.3102,1.0000,0.3593,0,0,0,13.2513,0.6005,0.6251,0,0,0,0.0003,0.0001,0.0003,0.0000
3.600,181,0,0.2945,1.0000,0.3593,0,0,0,13.0677,0.1927,0.9503,0,0,0,0.0003,0.0001,0.0003,0.0000
3.620,182,0,0.2945,1.0000,0.3593,0,0,0,12.8842,0.1927,0.9503,0,0,0,0.0003,0.0001,0.0003,0.0000
3.640,183,0,0.2945,1.0000,0.3593,0,0,0,12.7006,0.1927,0.9503,0,0,0,0.0003,0.0001,0.0003,0.0000
3.660,184,0,0.2945,1.0000,0.3593,0,0,0,12.5170,0.1927,0.9503,0,0,0,0.0003,0.0001,0.0003,0.0000
3.680,185,0,0.2945,1.0000,0.3593,0,0,0,12.3334,0.1927,0.9503,0,0,0,0.0003,0.0001,0.0003,0.0000
3.700,186,0,0.2741,1.0000,0.3593,0,0,0,11.9793,0.7173,0.8497,0,0,0,0.0003,0.0001,0.0003,0.0000
3.720,187,0,0.2741,1.0000,0.3593,0,0,0,11.6252,0.7173,0.8497,0,0,0,0.0003,0.0001,0.0003,0.0000
3.740,188,0,0.2741,1.0000,0.3593,0,0,0,11.2711,0.7173,0.8497,0,0,0,0.0003,0.0001,0.0003,0.0000
3.760,189,0,0.2741,1.0000,0.3593,0,0,0,10.9170,0.7173,0.8497,0,0,0,0.0003,0.0001,0.0003,0.0000
3.780,190,0,0.2741,1.0000,0.3593,0,0,0,10.5629,0.7173,0.8497,0,0,0,0.0003,0.0001,0.0003,0.0000
3.800,191,0,0.2347,1.0000,0.3593,0,0,0,9.7857,1.0000,0.8072,0,0,0,0.0003,0.0001,0.0003,0.0000
3.820,192,0,0.2347,1.0000,0.3593,0,0,0,9.0085,1.0000,0.8072,0,0,0,0.0003,0.0001,0.0003,0.0000
3.840,193,0,0.2347,1.0000,0.3593,0,0,0,8.2313,1.0000,0.8072,0,0,0,0.0003,0.0001,0.0003,0.0000
3.860,194,0,0.2347,1.0000,0.3593,0,0,0,7.4541,1.0000,0.8072,0,0,0,0.0003,0.0001,0.0003,0.0000
3.880,195,0,0.2347,1.0000,0.3593,0,0,0,6.6769,1.0000,0.8072,0,0,0,0.0003,0.0001,0.0003,0.0000
3.900,196,0,0.1484,1.0000,0.3593,0,0,0,6.4075,0.8709,0.5308,0,0,0,0.0003,0.0001,0.0003,0.0000
3.920,197,0,0.1484,1.0000,0.3593,0,0,0,6.1381,0.8709,0.5308,0,0,0,0.0003,0.0001,0.0003,0.0000
3.940,198,0,0.1484,1.0000,0.3593,0,0,0,5.8686,0.8709,0.5308,0,0,0,0.0003,0.0001,0.0003,0.0000
3.960,199,0,0.1484,1.0000,0.3593,0,0,0,5.5992,0.8709,0.5308,0,0,0,0.0003,0.0001,0.0003,0.0000
3.980,200,0,0.1484,1.0000,0.3593,0,0,0,5.3297,0.8709,0.5308,0,0,0,0.0003,0.0001,0.0003,0.0000
4.000,201,0,0.1184,1.0000,0.3593,0,0,0,5.7844,0.4456,0.9531,0,0,0,0.0003,0.0001,0.0003,0.0000
4.020,202,0,0.1184,1.0000,0.3593,0,0,0,6.2391,0.4456,0.9531,0,0,0,0.0003,0.0001,0.0003,0.0000
4.040,203,0,0.1184,1.0000,0.3593,0,0,0,6.6938,0.4456,0.9531,0,0,0,0.0003,0.0001,0.0003,0.0000
4.060,204,0,0.1184,1.0000,0.3593,0,0,0,7.1485,0.4456,0.9531,0,0,0,0.0003,0.0001,0.0003,0.0000
4.080,205,0,0.1184,1.0000,0.3593,0,0,0,7.6032,0.4456,0.9531,0,0,0,0.0003,0.0001,0.0003,0.0000
4.100,206,0,0.1690,1.0000,0.3593,0,0,0,7.2571,1.0000,1.0000,0,0,0,0.0003,0.0001,0.0003,0.0000
4.120,207,0,0.1690,1.0000,0.3593,0,0,0,6.9109,1.0000,1.0000,0,0,0,0.0003,0.0001,0.0003,0.0000
4.140,208,0,0.1690,1.0000,0.3593,0,0,0,6.5648,1.0000,1.0000,0,0,0,0.0003,0.0001,0.0003,0.0000
4.160,209,0,0.1690,1.0000,0.3593,0,0,0,6.2186,1.0000,1.0000,0,0,0,0.0003,0.0001,0.0003,0.0000
4.180,210,0,0.1690,1.0000,0.3593,0,0,0,5.8724,1.0000,1.0000,0,0,0,0.0003,0.0001,0.0003,0.0000
4.200,211,0,0.1305,1.0000,0.3593,0,0,0,6.1100,0.7355,0.7753,0,0,0,0.0003,0.0001,0.0003,0.0000
4.220,212,0,0.1305,1.0000,0.3593,0,0,0,6.3476,0.7355,0.7753,0,0,0,0.0003,0.0001,0.0003,0.0000
4.240,213,0,0.1305,1.0000,0.3593,0,0,0,6.5852,0.7355,0.7753,0,0,0,0.0003,0.0001,0.0003,0.0000
4.260,214,0,0.1305,1.0000,0.3593,0,0,0,6.8228,0.7355,0.7753,0,0,0,0.0003,0.0001,0.0003,0.0000
4.280,215,0,0.1305,1.0000,0.3593,0,0,0,7.0604,0.7355,0.7753,0,0,0,0.0003,0.0001,0.0003,0.0000
4.300,216,0,0.1569,1.0000,0.3593,0,0,0,7.8126,0.7987,0.9475,0,0,0,0.0003,0.0001,0.0003,0.0000
4.320,217,0,0.1569,1.0000,0.3593,0,0,0,8.5648,0.7987,0.9475,0,0,0,0.0003,0.0001,0.0003,0.0000
4.340,218,0,0.1569,1.0000,0.3593,0,0,0,9.3171,0.7987,0.9475,0,0,0,0.0003,0.0001,0.0003,0.0000
4.360,219,0,0.1569,1.0000,0.3593,0,0,0,10.0693,0.7987,0.9475,0,0,0,0.0003,0.0001,0.0003,0.0000
4.380,220,0,0.1569,1.0000,0.3593,0,0,0,10.8215,0.7987,0.9475,0,0,0,0.0003,0.0001,0.0003,0.0000
4.400,221,0,0.2405,1.0000,0.3593,0,0,0,10.6843,0.7467,0.9257,0,0,0,0.0003,0.0001,0.0003,0.0000
4.420,222,0,0.2405,1.0000,0.3593,0,0,0,10.5472,0.7467,0.9257,0,0,0,0.0003,0.0001,0.0003,0.0000
4.440,223,0,0.2405,1.0000,0.3593,0,0,0,10.4100,0.7467,0.9257,0,0,0,0.0003,0.0001,0.0003,0.0000
4.460,224,0,0.2405,1.0000,0.3593,0,0,0,10.2728,0.7467,0.9257,0,0,0,0.0003,0.0001,0.0003,0.0000
4.480,225,0,0.2405,1.0000,0.3593,0,0,0,10.1356,0.7467,0.9257,0,0,0,0.0003,0.0001,0.0003,0.0000
4.500,226,0,0.2252,1.0000,0.3593,0,0,0,10.3186,0.6352,0.8496,0,0,0,0.0003,0.0001,0.0003,0.0000
4.520,227,0,0.2252,1.0000,0.1318,0,0,0,10.5015,0.6352,0.8496,0,0,0,0.0003,0.0001,0.0003,0.0000
4.540,228,0,0.2252,1.0000,0.1318,0,0,0,10.6845,0.6352,0.8496,0,0,0,0.0003,0.0001,0.0003,0.0000
4.560,229,0,0.2252,1.0000,0.1318,0,0,0,10.8674,0.6352,0.8496,0,0,0,0.0003,0.0001,0.0003,0.0000
4.580,230,0,0.2252,1.0000,0.1318,0,0,0,11.0503,0.6352,0.8496,0,0,0,0.0003,0.0001,0.0003,0.0000
4.600,231,0,0.2456,1.0000,0.1672,0,0,0,11.7680,0.5797,1.0000,0,0,0,0.0003,0.0001,0.0003,0.0000
4.620,232,0,0.2456,1.0000,0.1672,0,0,0,12.4857,0.5797,1.0000,0,0,0,0.0003,0.0001,0.0003,0.0000
4.640,233,0,0.2456,1.0000,0.1672,0,0,0,13.2035,0.5797,1.0000,0,0,0,0.0003,0.0001,0.0003,0.0000
4.660,234,0,0.2456,1.0000,0.1672,0,0,0,13.9212,0.5797,1.0000,0,0,0,0.0003,0.0001,0.0003,0.0000
4.680,235,0,0.2456,1.0000,0.1672,0,0,0,14.6389,0.5797,1.0000,0,0,0,0.0003,0.0001,0.0003,0.0000
4.700,236,0,0.3253,1.0000,0.1672,0,0,0,14.5297,0.6430,0.9411,0,0,0,0.0003,0.0001,0.0003,0.0000
4.720,237,0,0.3253,1.0000,0.1672,0,0,0,14.4205,0.6430,0.9411,0,0,0,0.0003,0.0001,0.0003,0.0000
4.740,238,0,0.3253,1.0000,0.1672,0,0,0,14.3113,0.6430,0.9411,0,0,0,0.0003,0.0001,0.0003,0.0000
4.760,239,0,0.3253,1.0000,0.1672,0,0,0,14.2021,0.6430,0.9411,0,0,0,0.0003,0.0001,0.0003,0.0000
4.780,240,0,0.3253,1.0000,0.1672,0,0,0,14.0929,0.6430,0.9411,0,0,0,0.0003,0.0001,0.0003,0.0000
4.800,241,0,0.3132,1.0000,0.1672,0,0,0,14.7785,0.7027,1.0000,0,0,0,0.0003,0.0001,0.0003,0.0000
4.820,242,0,0.3132,1.0000,0.1672,0,0,0,15.4642,0.7027,1.0000,0,0,0,0.0003,0.0001,0.0003,0.0000
4.840,243,0,0.3132,1.0000,0.1672,0,0,0,16.1498,0.7027,1.0000,0,0,0,0.0003,0.0001,0.0003,0.0000
4.860,244,0,0.3132,1.0000,0.1672,0,0,0,16.8354,0.7027,1.0000,0,0,0,0.0003,0.0001,0.0003,0.0000
4.880,245,0,0.3132,1.0000,0.1672,0,0,0,17.5211,0.7027,1.0000,0,0,0,0.0003,0.0001,0.0003,0.0000
4.900,246,0,0.3894,1.0000,0.1672,0,0,0,17.5559,0.6040,1.0000,0,0,0,0.0003,0.0001,0.0003,0.0000
4.920,247,0,0.3894,1.0000,0.1672,0,0,0,17.5907,0.6040,1.0000,0,0,0,0.0003,0.0001,0.0003,0.0000
4.940,248,0,0.3894,1.0000,0.1672,0,0,0,17.6255,0.6040,1.0000,0,0,0,0.0003,0.0001,0.0003,0.0000
4.960,249,0,0.3894,1.0000,0.1672,0,0,0,17.6603,0.6040,1.0000,0,0,0,0.0003,0.0001,0.0003,0.0000
4.980,250,0,0.3894,1.0000,0.1672,0,0,0,17.6951,0.6040,1.0000,0,0,0,0.0003,0.0001,0.0003,0.0000
5.000,251,0,0.3932,1.0000,0.1672,0,0,0,17.7593,0.5879,0.8937,0,0,0,0.0003,0.0001,0.0003,0.0000
5.020,252,0,0.3932,1.0000,0.1672,0,0,0,17.8234,0.5879,0.8937,0,0,0,0.0003,0.0001,0.0003,0.0000
5.040,253,0,0.3932,1.0000,0.1672,0,0,0,17.8875,0.5879,0.8937,0,0,0,0.0003,0.0001,0.0003,0.0000
5.060,254,0,0.3932,1.0000,0.1672,0,0,0,17.9517,0.5879,0.8937,0,0,0,0.0003,0.0001,0.0003,0.0000
5.080,255,0,0.3932,1.0000,0.1672,0,0,0,18.0158,0.5879,0.8937,0,0,0,0.0003,0.0001,0.0003,0.0000
5.100,256,0,0.4004,1.0000,0.3060,0,0,0,18.4086,1.0000,1.0000,0,0,0,0.0003,0.0001,0.0003,0.0000
5.120,257,0,0.4004,1.0000,0.3060,0,0,0,18.8014,1.0000,1.0000,0,0,0,0.0003,0.0001,0.0003,0.0000
5.140,258,0,0.4004,1.0000,0.3060,0,0,0,19.1942,1.0000,1.0000,0,0,0,0.0003,0.0001,0.0003,0.0000
5.160,259,0,0.4004,1.0000,0.3060,0,0,0,19.5870,1.0000,1.0000,0,0,0,0.0003,0.0001,0.0003,0.0000
5.180,260,0,0.4004,1.0000,0.3060,0,0,0,19.9797,1.0000,1.0000,0,0,0,0.0003,0.0001,0.0003,0.0000
5.200,261,0,0.4440,1.0000,0.3060,0,0,0,19.9118,0.8663,1.0000,0,0,0,0.0003,0.0001,0.0003,0.0000
5.220,262,0,0.4440,1.0000,0.3060,0,0,0,19.8438,0.8663,1.0000,0,0,0,0.0003,0.0001,0.0003,0.0000
5.240,263,0,0.4440,1.0000,0.3060,0,0,0,19.7758,0.8663,1.0000,0,0,0,0.0003,0.0001,0.0003,0.0000
5.260,264,0,0.4440,1.0000,0.3045,0,0,0,19.7078,0.8663,1.0000,0,0,0,0.0003,0.0001,0.0003,0.0000
5.280,265,0,0.4440,1.0000,0.3040,0,0,0,19.6398,0.8663,1.0000,0,0,0,0.0003,0.0001,0.0003,0.0000
5.300,266,0,0.4364,1.0000,0.3040,0,0,0,19.9351,0.2695,0.5560,0,0,0,0.0003,0.0001,0.0003,0.0000
5.320,267,0,0.4364,1.0000,0.3040,0,0,0,20.2304,0.2695,0.5560,0,0,0,0.0003,0.0001,0.0003,0.0000
5.340,268,0,0.4364,1.0000,0.3040,0,0,0,20.5257,0.2695,0.5560,0,0,0,0.0003,0.0001,0.0003,0.0000
5.360,269,0,0.4364,1.0000,0.3040,0,0,0,20.8210,0.2695,0.5560,0,0,0,0.0003,0.0001,0.0003,0.0000
5.380,270,0,0.4364,1.0000,0.3040,0,0,0,21.1163,0.2695,0.5560,0,0,0,0.0003,0.0001,0.0003,0.0000
5.400,271,0,0.4693,1.0000,0.3040,0,0,0,21.2638,1.0000,0.9945,0,0,0,0.0003,0.0001,0.0003,0.0000
5.420,272,0,0.4693,1.0000,0.3040,0,0,0,21.4113,1.0000,0.9945,0,0,0,0.0003,0.0001,0.0003,0.0000
5.440,273,0,0.4693,1.0000,0.3040,0,0,0,21.5588,1.0000,0.9945,0,0,0,0.0003,0.0001,0.0003,0.0000
5.460,274,0,0.4693,1.0000,0.3040,0,0,0,21.7062,1.0000,0.9945,0,0,0,0.0003,0.0001,0.0003,0.0000
5.480,275,0,0.4693,1.0000,0.3040,0,0,0,21.8537,1.0000,0.9945,0,0,0,0.0003,0.0001,0.0003,0.0000
5.500,276,0,0.4856,1.0000,0.3040,0,0,0,22.3095,0.8416,0.9013,0,0,0,0.0003,0.0001,0.0003,0.0000
